"","P8_S2"
"1",58.4016892298968
"2",63.7918967802569
"3",67.1310076453527
"4",76.0496699362474
"5",73.865338396235
"6",74.0995423374508
"7",76.3641526562509
"8",76.5219674752332
"9",82.9154365284814
"10",78.5440496632216
"11",77.2237292898207
"12",77.8554191911928
"13",73.7397521355117
"14",73.9658169937109
"15",74.1088409596468
"16",73.8241249194476
"17",68.1340531659026
"18",72.4875322754547
"19",68.3083488356716
"20",68.6102053344152
"21",68.4607644997183
"22",65.3585940218189
"23",62.2121769862759
"24",62.0997106304444
"25",57.5100699455048
"26",59.7531970099657
"27",57.0481954321889
"28",52.9322405491832
"29",54.4232718014036
"30",53.1824788508422
"31",51.1115872825773
"32",53.2040545073342
"33",52.729623359144
"34",53.3473480769906
"35",57.3950257888394
"36",54.8636529439302
"37",56.8407925557726
"38",60.4762699940516
"39",61.5635891794636
"40",71.9973880381296
"41",70.2727396311152
"42",74.2040616535538
"43",84.2700488554583
"44",84.7617193963678
"45",85.1905684750493
"46",92.924579283208
"47",94.9996021908484
"48",98.3063840048853
"49",99.9330804121737
"50",101.054167122964
"51",100.013647993928
"52",103.816803396232
"53",102.548061817495
"54",104.081234766959
"55",99.8762345108669
"56",96.7730432828987
"57",96.0038339270499
"58",92.645728713701
"59",94.3318146071846
"60",88.152696849715
"61",78.9186310120675
"62",78.5825499307965
"63",74.353536454431
"64",69.2621735575296
"65",64.4945525738369
"66",58.2108212760143
"67",56.735932620786
"68",56.8845296715419
"69",54.8406017345348
"70",56.9947254696161
"71",51.5688509719181
"72",49.9565904675921
"73",48.2039637432933
"74",49.8865391942806
"75",53.3966352912746
"76",53.1521204828806
"77",56.2933988810095
"78",54.9167005372348
"79",57.319036529145
"80",61.7964088720043
"81",64.5592022412253
"82",68.920567608649
"83",72.5847822622634
"84",73.155079631314
"85",76.5373867230583
"86",78.3948207598221
"87",79.2146749463365
"88",85.5782146292407
"89",87.2433925376621
"90",83.0272605301199
"91",88.2520846196965
"92",88.3442437355394
"93",88.7340061830443
"94",84.1139181128679
"95",86.5657422116443
"96",89.8311257281237
"97",83.4160299995431
"98",81.5223718983068
"99",81.2742318387671
"100",77.1671762108944
"101",78.0706218210093
"102",74.6807553389619
"103",72.439084853485
"104",72.4174588439227
"105",70.9971351455062
"106",70.8944674317504
"107",67.9112396432756
"108",64.9788941319948
"109",68.4451242047519
"110",66.1093474803004
"111",66.6150383875139
"112",65.8261051352268
"113",64.727898013267
"114",60.1346222922994
"115",60.6902238983094
"116",61.0049775562097
"117",59.5427729801552
"118",60.4541713557672
"119",60.7805171514976
"120",59.2524670115896
"121",57.3950461773699
"122",55.7031325612564
"123",62.7809748728166
"124",59.0411025217802
"125",58.4356064195601
"126",58.5646225216546
"127",55.3974130617243
"128",56.9191274789243
"129",57.6289080775269
"130",56.6071421606473
"131",58.815008889831
"132",63.2446765383891
"133",64.1566613213151
"134",63.4636978702786
"135",68.482221865352
"136",64.394505991849
"137",64.7205912289719
"138",69.3179660700608
"139",68.855034184546
"140",67.5842180027691
"141",68.5466959647419
"142",69.3473442441961
"143",68.0833321813913
"144",70.4925594122088
"145",70.6634473481981
"146",67.0464364072225
"147",68.5769593156365
"148",67.3920212504298
"149",71.1728879286551
"150",68.7163063600145
"151",72.6388741835193
"152",75.3475390368728
"153",76.4970180142117
"154",73.0806416150884
"155",76.1712693657435
"156",75.6450837256308
"157",79.4276140272296
"158",78.8667662175304
"159",81.123637122524
"160",80.3525295049208
"161",85.4014252890623
"162",86.8779176990187
"163",84.4279141736769
"164",88.124518909655
"165",84.5454205612746
"166",82.0329601853708
"167",82.593351520258
"168",83.0455520628091
"169",84.1530801085359
"170",86.7440042798295
"171",86.7808288871537
"172",88.2835742897937
"173",84.1352312059217
"174",81.9298978901314
"175",82.6813563250536
"176",82.1636017404546
"177",82.6951533862078
"178",77.700878673552
"179",80.4539045173464
"180",75.573042477545
"181",75.4221838466348
"182",72.1310372164085
"183",73.4871839272799
"184",68.8046549732712
"185",68.2404905649713
"186",65.1164272006209
"187",61.5627118035476
"188",61.5088120582335
"189",57.549700485562
"190",60.0842401554002
"191",57.990787395091
"192",56.0346169774052
"193",53.3691274669349
"194",56.0910701118659
"195",56.9395621686345
"196",58.824770024735
"197",57.8531449581197
"198",58.611320632025
"199",65.8221976185259
"200",66.929191765984
"201",73.8601477647818
"202",75.4301813389701
"203",77.4242702984867
"204",76.0230994587798
"205",82.7257277589842
"206",78.9332413059471
"207",83.5034484934388
"208",83.9083669533817
"209",85.398184220716
"210",87.4499098042343
"211",81.8826022959567
"212",86.2523906341856
"213",85.61893649826
"214",83.7681564627913
"215",81.6482471799471
"216",79.3898327845448
"217",77.4203789438592
"218",73.4486350567547
"219",78.6792968954356
"220",71.0445144191144
"221",73.3638041105511
"222",70.9360739283276
"223",73.1138762176541
"224",72.9674462462626
"225",69.8333271928682
"226",68.9809946092666
"227",70.9059492651344
"228",72.1280425621269
"229",67.8102911150019
"230",69.7916705848878
"231",70.63764546116
"232",68.4207295249111
"233",65.7378326261837
"234",66.9309918934015
"235",67.2749472121581
"236",67.0214209378832
"237",67.0883478953113
"238",67.2490271674493
"239",67.7110452048912
"240",67.229438644137
"241",67.4775289092805
"242",70.323730239045
"243",70.0240410133152
"244",67.913957032475
"245",69.4272249637406
"246",69.7295921921756
"247",72.0136173450513
"248",67.7382898751647
"249",71.3951912069847
"250",69.4821358806468
"251",68.2712574242741
"252",71.9231501929292
"253",68.2300667096259
"254",71.9387695659343
"255",68.6716433378243
"256",69.6202539849982
"257",68.4721344931697
"258",67.8304177364783
"259",63.5341786012399
"260",62.7896275291561
"261",65.7655519319498
"262",66.0993175511771
"263",67.5043703915903
"264",66.1919273401386
"265",67.8342752436789
"266",67.464690556245
"267",72.1873784365697
"268",69.1610255844499
"269",69.6679419120525
"270",73.8782144848621
"271",76.9534042510286
"272",79.5496231417513
"273",79.4624366914158
"274",82.7746821587568
"275",79.9004616822954
"276",82.6138917965304
"277",85.2902636215776
"278",81.3166329291969
"279",83.8059963285577
"280",82.2859340331803
"281",83.1109451698919
"282",81.3876545953776
"283",80.1348247354778
"284",80.9552016927983
"285",80.2985782197147
"286",77.115833301237
"287",79.6612534241444
"288",78.0256831254166
"289",74.6901492715657
"290",71.8324603606106
"291",72.0812562345044
"292",69.7792692503978
"293",65.6052678744239
"294",69.4989439282311
"295",64.2620179218684
"296",64.684359002096
"297",62.9115076451448
"298",60.5153142309547
"299",61.6588976829767
"300",59.1422028009982
"301",61.9420304129388
"302",55.9933402053262
"303",60.4594751270064
"304",58.3435829226634
"305",53.7308805549941
"306",60.4565886641601
"307",62.3253492449789
"308",60.2652906930937
"309",64.0657849177064
"310",65.9962883687463
"311",70.9336187190165
"312",67.2632344399424
"313",74.1571541899887
"314",76.3323092996665
"315",81.7135854357359
"316",82.9983199398583
"317",84.5348758805046
"318",83.0006138656595
"319",89.6242304800413
"320",88.1079704901171
"321",91.7059808575346
"322",89.5272072515757
"323",87.1203482804147
"324",88.4440646897371
"325",86.3558187370615
"326",81.1976349720624
"327",79.4485126908559
"328",76.8360248063435
"329",75.0947324491221
"330",72.8513079661128
"331",71.9530141772045
"332",70.8684642831852
"333",71.6509734918145
"334",68.3173314177792
"335",68.0436852899682
"336",68.8586402247326
"337",70.0819410783916
"338",68.1584902894916
"339",72.4395591419116
"340",75.6398166149469
"341",75.4584546367072
"342",77.2960015028396
"343",74.8560282632579
"344",78.4468274187712
"345",76.9787992432433
"346",78.2559978178368
"347",75.8270207781728
"348",76.852856727008
"349",75.5030082464102
"350",73.6188517882039
"351",74.6558563298351
"352",76.1646947873506
"353",79.8347900534817
"354",78.8711748653059
"355",77.0254604532125
"356",80.783571118601
"357",79.0879765044332
"358",81.8856354291888
"359",87.6627654853313
"360",90.9333710888838
"361",93.5028658881327
"362",96.7493395042703
"363",98.265119674664
"364",98.9852334242727
"365",103.843808706017
"366",99.0594857439866
"367",102.406882252118
"368",103.451431032638
"369",98.5145706879935
"370",92.0019744141059
"371",94.2353370633884
"372",87.6172127060517
"373",89.5991301269371
"374",80.6053037339392
"375",78.1766542302175
"376",73.5624681410572
"377",69.9521121523201
"378",70.2821035535255
"379",67.4403806399951
"380",65.8319208103057
"381",65.6202334973354
"382",64.5712166715137
"383",65.0392724762303
"384",67.1085554631011
"385",72.5856106713447
"386",71.5943774762839
"387",72.992375826821
"388",75.1596577084641
"389",80.9007174985013
"390",78.9403276960187
"391",84.6963966825457
"392",89.0796319457979
"393",87.2680702395728
"394",93.9058024850968
"395",92.0913637913359
"396",89.7192670689772
"397",92.8723365336294
"398",91.1680206750153
"399",89.8940442156496
"400",89.2899809989983
"401",90.5307576963325
"402",89.5880790201912
"403",86.7981089301361
"404",82.3545477361379
"405",78.5996044004404
"406",80.058545744713
"407",76.5509550750829
"408",75.9685791365947
"409",73.7542935752275
"410",72.6685908834062
"411",71.2875150217049
"412",72.6741029759914
"413",70.1548757351147
"414",70.9822218859579
"415",71.6424624346783
"416",72.8173740513563
"417",76.8921170989624
"418",75.6488647709907
"419",79.3270505791907
"420",79.8293189690614
"421",81.9018715173308
"422",79.9001803933403
"423",76.1597849313447
"424",76.3267383235054
"425",77.2185727007676
"426",75.7194789818604
"427",77.7949650138702
"428",75.7861848533098
"429",73.8333097542566
"430",76.0035265811027
"431",75.6730365732441
"432",69.415954264439
"433",67.7378725029853
"434",68.7408146813074
"435",69.8330344004741
"436",69.9001611956825
"437",69.4876622771504
"438",75.7212214517064
"439",78.1423282141328
"440",80.0742903499948
"441",82.5435167114216
"442",89.2688102901039
"443",88.5809530351202
"444",94.0693925456672
"445",94.6296225848897
"446",95.3199176093902
"447",102.088582449105
"448",103.44683950223
"449",104.834765971041
"450",103.592165040475
"451",106.082448168501
"452",102.904961084215
"453",104.30259130571
"454",100.143037319988
"455",102.627733012333
"456",99.1178280695453
"457",99.6810468395532
"458",98.3990126044798
"459",93.2140638545028
"460",93.878418749592
"461",93.9416682707191
"462",93.4988927551584
"463",87.9886192900047
"464",88.4846056656465
"465",91.0963640051802
"466",83.7477699632731
"467",84.6172981113291
"468",79.4563544942896
"469",84.4289715869242
"470",86.8901009851147
"471",79.670146376713
"472",81.9266585818008
"473",76.6817457598055
"474",81.2096778945726
"475",78.4440951758391
"476",79.1826179130929
"477",75.9004331823659
"478",77.1768086834044
"479",74.5738227603102
"480",72.6056696788893
"481",78.6815931007317
"482",77.1169937761416
"483",77.1913734805094
"484",77.2681123175855
"485",84.1894445827176
"486",83.4088228403041
"487",82.9629296539554
"488",86.1362095744913
"489",88.6806642210002
"490",93.1840569374472
"491",89.5341652063042
"492",90.037853316787
"493",89.0542083733866
"494",93.2260482577909
"495",87.9215102289315
"496",89.4547778992611
"497",90.4927240129118
"498",88.7924782221996
"499",91.715033382539
"500",90.0159657376121
"501",87.3983928798724
"502",88.12027762686
"503",88.7371977582225
"504",87.0987873576509
"505",85.0586653087086
"506",87.4696462042986
"507",86.3469700274262
"508",88.7231868787796
"509",90.8864697079511
"510",90.2650416627745
"511",91.9427801304021
"512",91.9727193920909
"513",94.9446683162701
"514",95.5931781173131
"515",95.9853787805771
"516",95.6378057611048
"517",93.5421176492104
"518",100.198319999023
"519",92.8376320156711
"520",95.528416247754
"521",92.6112594539185
"522",92.4386798952654
"523",91.4319887112224
"524",98.2228810639712
"525",95.5118619846455
"526",95.6107343515464
"527",94.7452748460033
"528",99.0599801326749
"529",95.566868568269
"530",98.5566379162636
"531",100.55360837715
"532",101.538877288245
"533",102.195703601032
"534",102.668006854111
"535",104.917875210631
"536",102.54718576876
"537",105.196150509125
"538",103.25150459647
"539",102.601066680786
"540",102.382338379039
"541",101.33939586428
"542",103.709578218265
"543",99.9550186249609
"544",98.6613557661029
"545",100.047332043256
"546",90.1949164317941
"547",91.3924291101871
"548",94.6336873946978
"549",86.0823143691143
"550",88.0672252764607
"551",85.1443372058476
"552",81.8829472002063
"553",85.5334250322351
"554",84.0111577888459
"555",80.818677228375
"556",87.2090588802823
"557",85.4196620913389
"558",86.9224236298052
"559",92.3957629147108
"560",90.4861340721862
"561",93.3812335635611
"562",93.9032025959237
"563",97.4615228445371
"564",99.9203252036474
"565",102.712690672115
"566",99.0464549550472
"567",105.823062394277
"568",111.28789723483
"569",106.541959834517
"570",105.657641811293
"571",107.246993963159
"572",111.506719126405
"573",115.19688740582
"574",109.684259850028
"575",109.021314165491
"576",109.284159411263
"577",106.392653325048
"578",106.635834990303
"579",100.170669890299
"580",97.5051462009653
"581",98.9449717979162
"582",98.9468377767305
"583",95.0555170278823
"584",98.9630421512439
"585",96.734310887709
"586",94.0715992794119
"587",98.2042158231269
"588",99.8085599717248
"589",98.1100563081623
"590",96.6130719619463
"591",98.2737856038957
"592",104.741166100745
"593",101.210679546602
"594",106.652341518244
"595",104.776333246218
"596",105.229883391524
"597",103.786417269635
"598",100.871151004669
"599",103.662409275313
"600",99.8585822169917
"601",98.3514930521242
"602",96.4137443442193
"603",97.6980913130481
"604",96.7401576063768
"605",93.8734022226227
"606",92.5843877469652
"607",92.1028141024007
"608",87.536453121851
"609",93.5341196286288
"610",93.3709961042363
"611",99.1883503920684
"612",96.2382862999982
"613",97.942570853514
"614",97.930823226104
"615",100.975659735549
"616",101.08517646962
"617",105.210709768648
"618",108.181121552687
"619",105.151713957677
"620",113.336596862701
"621",109.398773170816
"622",112.039127110024
"623",111.932024037756
"624",113.5554275084
"625",112.498437522199
"626",112.098516440002
"627",110.100979583973
"628",112.760541322645
"629",113.549055720597
"630",114.363679354556
"631",112.042260970417
"632",111.070997751307
"633",109.228092897074
"634",107.062397182102
"635",109.129906960391
"636",106.942483601482
"637",101.81857842793
"638",111.195534719102
"639",107.410777444049
"640",102.328216489877
"641",107.388469717738
"642",100.921550768531
"643",104.827634255028
"644",101.218431386528
"645",104.841863562918
"646",100.200778570067
"647",102.029182226822
"648",99.1835113865077
"649",99.0052305836717
"650",101.161227696139
"651",98.0977264648293
"652",99.7469511024967
"653",97.3905071924023
"654",103.153983140634
"655",100.52624560907
"656",101.263679913238
"657",102.935129582232
"658",103.822430390428
"659",100.512755799914
"660",105.061322109714
"661",99.042166651903
"662",105.578376829968
"663",102.940215268228
"664",104.916903310299
"665",102.687091618326
"666",105.060088724852
"667",101.392675961404
"668",99.9167841984666
"669",102.184351431887
"670",100.207884617091
"671",101.622021626248
"672",98.6688243862717
"673",101.593735135858
"674",100.215789208095
"675",97.8999120640903
"676",101.477882307348
"677",99.286316367296
"678",97.5168108957671
"679",100.370120620187
"680",94.4385857030913
"681",98.1983298257081
"682",100.626511127029
"683",100.66473816047
"684",99.9345356797523
"685",102.48586285165
"686",106.076060570234
"687",101.22355146641
"688",108.313902115793
"689",105.62286082341
"690",109.449534839979
"691",108.682215158266
"692",108.337549378384
"693",110.240992425273
"694",110.385942750284
"695",107.782989226957
"696",110.55441744246
"697",114.506332556467
"698",108.750131724145
"699",110.426234655696
"700",110.950906947782
"701",111.863225412921
"702",108.119908823686
"703",105.823046376616
"704",105.947891041402
"705",106.264975084144
"706",101.718031295985
"707",104.783744397787
"708",109.479087943812
"709",103.938319994589
"710",107.360256264404
"711",115.061511394205
"712",110.474521024403
"713",111.81571305762
"714",116.842913474042
"715",119.411112735377
"716",118.705083975426
"717",121.678224527813
"718",123.658735326415
"719",123.985480949188
"720",125.14044399615
"721",121.365811552667
"722",121.372390976062
"723",122.663893971474
"724",122.679358995873
"725",118.729607782296
"726",120.881434797811
"727",114.899314064938
"728",115.405926380738
"729",111.076228181605
"730",111.83193238421
"731",109.004188348839
"732",105.652775709735
"733",105.941400352639
"734",104.38498640523
"735",106.73258092245
"736",108.472122052946
"737",109.472178809379
"738",114.559195343862
"739",117.813217311331
"740",115.030059800978
"741",121.363613311338
"742",122.79445050127
"743",126.225744164703
"744",130.665375715308
"745",128.282779779821
"746",137.131087153147
"747",137.409910544315
"748",139.70107844544
"749",136.413533080687
"750",141.350677040764
"751",140.056413592974
"752",140.970832774329
"753",141.255819404267
"754",138.425052643751
"755",135.398877623748
"756",134.507220610808
"757",131.070214657855
"758",125.428974493424
"759",124.959015482818
"760",125.037814460395
"761",119.42823703753
"762",113.013816767955
"763",117.410201140423
"764",112.725524799485
"765",111.326241410703
"766",110.815482517647
"767",108.780892621812
"768",108.382948632457
"769",113.030837376106
"770",109.779548340655
"771",117.017692250787
"772",120.291797095032
"773",121.030511888471
"774",124.349221889384
"775",124.316722697869
"776",123.084311497745
"777",127.393795576189
"778",126.453710036366
"779",130.217139792867
"780",128.663777948397
"781",129.987509930069
"782",128.961194876025
"783",125.306493290218
"784",125.359085935155
"785",124.937389348994
"786",123.514151887445
"787",122.11359326751
"788",120.538866971982
"789",116.296311534747
"790",119.470067410224
"791",117.553785267019
"792",117.545761720667
"793",120.725323880523
"794",119.555829987185
"795",120.552751680243
"796",118.359368406935
"797",120.077518975657
"798",118.423451679908
"799",116.642335117133
"800",118.614512164648
"801",118.858178438472
"802",116.496703150128
"803",115.91163158057
"804",114.848791943304
"805",118.729852821199
"806",116.46407410094
"807",115.745728675259
"808",114.627345519008
"809",114.794589044311
"810",109.751948890027
"811",114.229755451961
"812",109.370717981625
"813",111.811999384427
"814",110.324760048928
"815",106.972149424426
"816",111.013512697012
"817",108.90459995286
"818",109.675052057874
"819",109.515945383471
"820",116.775577180716
"821",115.880645759477
"822",118.87598467121
"823",122.022153358899
"824",122.494926242872
"825",125.753869684552
"826",126.207459715882
"827",126.21607770883
"828",132.652024316193
"829",131.045359030792
"830",134.975085049354
"831",136.341920304028
"832",136.953996353925
"833",135.361853503128
"834",135.250147196647
"835",137.264330246526
"836",134.694932730978
"837",132.562933638603
"838",128.855097449781
"839",127.911892838455
"840",124.812510887735
"841",122.569454519338
"842",121.725897429491
"843",123.901345937945
"844",118.444455273186
"845",114.99093244019
"846",115.57200979548
"847",113.396763909333
"848",114.551081581746
"849",112.176538567259
"850",116.939069592085
"851",117.465816460485
"852",118.333365772757
"853",118.78786690886
"854",121.030076282042
"855",127.984575376242
"856",129.143131531585
"857",129.406814117968
"858",129.625121750059
"859",132.786424470818
"860",132.741039146479
"861",129.932330795749
"862",132.812344091458
"863",130.179810281647
"864",127.983015491202
"865",129.73392612364
"866",126.694961554496
"867",125.95866535501
"868",125.283473776578
"869",127.943907190192
"870",126.604870480437
"871",126.351053390391
"872",125.104614464609
"873",131.156697070539
"874",129.275064032107
"875",131.993959887229
"876",135.567564751584
"877",132.581673212442
"878",139.372479155747
"879",138.376912273341
"880",142.031647585487
"881",144.419444996541
"882",138.659558089578
"883",146.355355194415
"884",142.333613038861
"885",141.318089313617
"886",140.643116103152
"887",138.809125982291
"888",136.534337723365
"889",135.828681979705
"890",135.956347109576
"891",137.391344037667
"892",132.803880734385
"893",126.971069882748
"894",130.698526305983
"895",129.216918212448
"896",125.327912339807
"897",123.63575042514
"898",124.817569578852
"899",123.875528337045
"900",122.525157989318
"901",123.415138000588
"902",122.94440323379
"903",120.493111439242
"904",120.542072304029
"905",125.19165434
"906",118.391932315436
"907",120.890260812274
"908",116.613301456895
"909",120.236731567817
"910",119.669695581107
"911",121.808293469578
"912",121.386044230674
"913",125.613844770799
"914",124.546544640013
"915",129.057341150236
"916",132.5517108728
"917",131.712348663373
"918",136.29284386542
"919",134.155177647855
"920",140.182671047624
"921",143.447548593223
"922",143.717978189732
"923",147.264622647729
"924",149.692222422685
"925",152.316586403867
"926",153.318323041432
"927",154.454401121206
"928",149.902386459089
"929",151.325027553307
"930",155.048773506925
"931",144.675387953768
"932",145.091942069948
"933",145.344734813798
"934",138.353346646673
"935",140.080833283327
"936",136.059109241128
"937",136.22304169676
"938",140.083497474019
"939",132.915452131819
"940",134.230140501968
"941",137.166307464953
"942",135.943047515668
"943",136.158553054275
"944",137.007649887666
"945",139.433841836864
"946",138.598449738733
"947",140.766077627845
"948",137.972166451346
"949",137.067519973785
"950",137.220706493094
"951",134.785737127718
"952",129.365980892351
"953",131.377931550442
"954",128.434757615882
"955",126.31082837821
"956",118.511049747935
"957",123.095014366715
"958",119.463067343006
"959",119.928588320775
"960",116.189553432973
"961",116.972883713969
"962",119.571444518153
"963",122.235398937328
"964",119.832752538576
"965",121.992522982517
"966",125.375022548571
"967",128.449941717674
"968",131.253544999164
"969",130.11824496528
"970",137.862848522797
"971",135.382962303669
"972",140.537922067864
"973",142.840273101331
"974",137.703405490342
"975",141.754535275077
"976",142.063127298012
"977",138.765594866642
"978",138.302804566613
"979",136.722270447704
"980",133.631053532825
"981",131.999426653088
"982",130.095843811983
"983",126.568186579488
"984",129.721235741015
"985",128.410416504671
"986",128.706621371683
"987",126.810344716008
"988",124.524062688609
"989",125.100211693947
"990",129.253612741989
"991",133.135635951795
"992",132.881555566412
"993",136.310993467605
"994",136.930289942199
"995",134.50275098355
"996",136.468516151545
"997",140.879464640807
"998",146.060386984538
"999",143.192497346249
"1000",145.690263361712
"1001",146.974511386789
"1002",140.721355636373
"1003",149.367258798256
"1004",147.587265668403
"1005",146.954189086038
"1006",144.127829297709
"1007",149.352474626929
"1008",145.94947345
"1009",143.465504884345
"1010",143.699519949938
"1011",141.150837597986
"1012",144.714313913081
"1013",141.833116707896
"1014",142.002121246208
"1015",136.468164151838
"1016",137.181913747486
"1017",136.752933837937
"1018",139.388703951493
"1019",131.522803104543
"1020",136.588334337047
"1021",132.039472651867
"1022",133.216880129485
"1023",130.900133815314
"1024",129.425229746064
"1025",134.351057689043
"1026",129.629587142772
"1027",136.515024559882
"1028",135.117198874584
"1029",139.094073267592
"1030",134.003934687363
"1031",133.543035697462
"1032",133.109104851555
"1033",134.917415684485
"1034",135.962922597321
"1035",136.720429596347
"1036",136.679013499452
"1037",132.714142369628
"1038",135.980654434056
"1039",137.259463401033
"1040",140.189283599392
"1041",143.037483101881
"1042",137.942117570861
"1043",137.719224088722
"1044",141.971775110639
"1045",140.012721532209
"1046",144.365869576797
"1047",143.063502472373
"1048",142.827427885379
"1049",147.243973894421
"1050",144.9055686111
"1051",145.76359352484
"1052",145.837537989303
"1053",144.384745447098
"1054",142.541554010659
"1055",141.143563884238
"1056",142.115778250768
"1057",137.219770696947
"1058",136.594521983821
"1059",137.226071357347
"1060",139.972723921261
"1061",138.654846837624
"1062",135.343226859452
"1063",134.589722644997
"1064",143.277876334817
"1065",135.687990452595
"1066",136.794718949962
"1067",139.064204534869
"1068",140.174157757745
"1069",143.553982843643
"1070",146.863873459476
"1071",146.436142760147
"1072",152.609288656903
"1073",151.451688088207
"1074",153.923220773416
"1075",149.776468311651
"1076",153.257263771989
"1077",147.111108308308
"1078",148.45253147224
"1079",146.423474613062
"1080",147.919811326159
"1081",144.987835576479
"1082",138.849208022766
"1083",140.528629640408
"1084",138.443184920342
"1085",137.695915710406
"1086",138.365289514153
"1087",142.866910929001
"1088",144.335350963695
"1089",144.793551826891
"1090",139.23336852684
"1091",147.428870632586
"1092",146.415126254964
"1093",152.572957787213
"1094",151.526415989842
"1095",152.241025731027
"1096",150.629603630417
"1097",150.495491614561
"1098",153.815604017608
"1099",148.470512959011
"1100",151.239597572142
"1101",149.426560870867
"1102",146.26277509154
"1103",141.498043387497
"1104",143.113094017455
"1105",139.50006661413
"1106",138.303021431952
"1107",135.728573548029
"1108",133.85997346336
"1109",131.559643513965
"1110",132.075849489222
"1111",136.229776191336
"1112",130.292474234218
"1113",133.381030614038
"1114",134.799609089971
"1115",135.965627246543
"1116",135.600985223151
"1117",138.193886010827
"1118",143.886720597337
"1119",142.173637961006
"1120",142.054343988797
"1121",142.098934110829
"1122",146.037798713001
"1123",144.496881044532
"1124",143.278493346075
"1125",143.906050459655
"1126",137.276416728689
"1127",140.29459106256
"1128",137.107373932359
"1129",135.945490644806
"1130",134.851959114046
"1131",132.722239715114
"1132",133.540970809138
"1133",129.996618176519
"1134",136.408434014032
"1135",136.238260880342
"1136",134.944317347007
"1137",144.306506331694
"1138",143.334803465707
"1139",145.726262949317
"1140",145.473679412317
"1141",147.057708959641
"1142",148.656830393544
"1143",154.346575570164
"1144",152.888038685529
"1145",156.609341570735
"1146",157.57135856249
"1147",154.041786532614
"1148",154.417728894654
"1149",156.042061575987
"1150",150.826083319357
"1151",151.743903767815
"1152",151.862024380315
"1153",147.105729547808
"1154",148.957304842468
"1155",140.504064029273
"1156",142.370002150636
"1157",143.148917563901
"1158",143.223912094785
"1159",142.659438507171
"1160",140.073297677333
"1161",140.828412933441
"1162",133.84290953207
"1163",136.873764743724
"1164",139.03874504418
"1165",134.44377459228
"1166",134.909902808295
"1167",136.607210309285
"1168",135.565361095062
"1169",135.58109828575
"1170",136.930798820739
"1171",135.532313211218
"1172",138.475718581502
"1173",140.646312170317
"1174",142.021871533161
"1175",142.606723023076
"1176",144.421358969666
"1177",146.905054796634
"1178",146.152315042082
"1179",149.166677586743
"1180",149.35695845837
"1181",152.308182413141
"1182",157.47062178044
"1183",153.944197845282
"1184",155.16868230669
"1185",158.627244059455
"1186",161.032544447743
"1187",160.751591332916
"1188",160.50948300723
"1189",163.986838113908
"1190",159.870347030678
"1191",160.371280624928
"1192",167.435856503872
"1193",164.491897802742
"1194",157.451811712865
"1195",161.614839350608
"1196",163.60079191425
"1197",159.20801058459
"1198",158.113977888649
"1199",161.384348251139
"1200",156.858961245922
"1201",159.414426234479
"1202",156.333991346933
"1203",157.234227453427
"1204",158.01785658252
"1205",157.874662949658
"1206",158.712263601625
"1207",159.111090991425
"1208",156.892066726696
"1209",160.486952135475
"1210",160.569505440699
"1211",161.611974166129
"1212",159.272034677154
"1213",161.011993656984
"1214",158.822474212557
"1215",161.357242812251
"1216",160.344518823226
"1217",160.142887151699
"1218",155.38279745414
"1219",157.328084231118
"1220",157.044375916942
"1221",153.17404271692
"1222",153.232911512788
"1223",151.280761274654
"1224",150.119068426791
"1225",150.476239953269
"1226",150.359320305164
"1227",145.419242291447
"1228",146.690213782549
"1229",144.999498916448
"1230",146.67776111906
"1231",146.345598144668
"1232",149.813083369134
"1233",149.631165381579
"1234",155.503952755478
"1235",157.401702984281
"1236",154.83137582406
"1237",156.929883937999
"1238",164.104164894959
"1239",164.404122180307
"1240",170.175918945033
"1241",169.46838493115
"1242",168.768035153676
"1243",176.485246143321
"1244",173.272592478113
"1245",177.144979655946
"1246",173.443085468874
"1247",171.830967684691
"1248",172.166141003897
"1249",171.522174933576
"1250",167.42168351652
"1251",162.803328521111
"1252",165.448727153863
"1253",161.611643791547
"1254",157.244253527387
"1255",155.867918572904
"1256",151.667355389613
"1257",151.226024112804
"1258",152.47518503551
"1259",151.801718487604
"1260",152.192808274655
"1261",152.24826937867
"1262",155.615412028009
"1263",157.488322761584
"1264",157.730069981774
"1265",159.601746526607
"1266",161.932397161867
"1267",163.831328939156
"1268",166.517373889563
"1269",169.452976234027
"1270",171.411727744969
"1271",165.998805082726
"1272",169.731149405928
"1273",169.89383416359
"1274",166.774954901718
"1275",170.037498062424
"1276",168.770661216433
"1277",167.766415597037
"1278",169.027012877478
"1279",166.230164447458
"1280",165.10523129733
"1281",160.330520969536
"1282",155.680900630851
"1283",157.22433365097
"1284",159.094241049043
"1285",154.731651775401
"1286",156.406732119697
"1287",151.730241921812
"1288",149.415731549334
"1289",153.854571544354
"1290",152.619793480375
"1291",154.92099563741
"1292",152.468653045514
"1293",154.272978607589
"1294",158.203018099184
"1295",155.819272216189
"1296",158.111079029339
"1297",156.729429611572
"1298",158.134812399615
"1299",157.025215415328
"1300",163.610123015636
"1301",163.197850273962
"1302",161.816229142146
"1303",164.278058995854
"1304",163.914060644429
"1305",164.097200967804
"1306",158.758153934791
"1307",162.573482517192
"1308",160.056344770258
"1309",159.019556616923
"1310",158.980094933896
"1311",156.003423492918
"1312",157.341238050427
"1313",157.56554872941
"1314",155.094943542596
"1315",155.062579712208
"1316",156.38761251082
"1317",155.81489524598
"1318",154.027956067881
"1319",157.060457253382
"1320",154.517109137778
"1321",158.331804720394
"1322",158.229208711583
"1323",158.229449930464
"1324",158.01820182221
"1325",162.587044377638
"1326",165.101761831459
"1327",159.239906574719
"1328",162.21923861294
"1329",161.89187904048
"1330",159.58151325933
"1331",162.931645178508
"1332",161.891821015997
"1333",158.852830130045
"1334",161.38323121887
"1335",161.158647751262
"1336",157.934321774324
"1337",155.388592511462
"1338",150.755279626923
"1339",149.875640723331
"1340",151.179090358238
"1341",149.349790188327
"1342",148.130894644464
"1343",152.585125163515
"1344",152.883353336769
"1345",154.32931791764
"1346",151.325425641894
"1347",157.565830114741
"1348",157.027633558751
"1349",162.907959270847
"1350",167.126730563533
"1351",166.430940587405
"1352",172.639234616672
"1353",174.231173294374
"1354",182.382997118381
"1355",187.23649468483
"1356",188.114402550529
"1357",192.305999345053
"1358",192.269355451275
"1359",193.444888268798
"1360",192.994153170064
"1361",190.360570462353
"1362",190.869191688167
"1363",189.250953593585
"1364",183.414777777534
"1365",178.812568844696
"1366",171.661896093373
"1367",170.272478665932
"1368",161.735652138101
"1369",158.736677136311
"1370",155.260175323218
"1371",153.966660484731
"1372",150.83462938944
"1373",147.622378110586
"1374",146.703100738808
"1375",143.88216000854
"1376",143.995677626578
"1377",141.678503106508
"1378",144.287005991087
"1379",149.953549339685
"1380",150.932309519435
"1381",151.321329593822
"1382",153.708748848762
"1383",155.432476236883
"1384",156.167396276224
"1385",157.117344214228
"1386",159.051987151794
"1387",165.086066652455
"1388",162.409856581142
"1389",161.03399552838
"1390",164.478176939006
"1391",165.868737223432
"1392",160.431397569481
"1393",160.848385776814
"1394",157.304363447176
"1395",160.906860403716
"1396",161.879035219616
"1397",160.586544928212
"1398",162.705904222671
"1399",158.406251439023
"1400",162.643518888878
"1401",161.958980614501
"1402",165.509776488009
"1403",162.962300427456
"1404",165.310092296535
"1405",167.549566161998
"1406",164.599974439028
"1407",171.396885967087
"1408",170.303618073047
"1409",170.460646317067
"1410",172.527158661292
"1411",170.304909205637
"1412",172.314740013654
"1413",173.026429060972
"1414",170.441366850922
"1415",173.692724495527
"1416",171.778540034068
"1417",170.456047671996
"1418",165.935392723158
"1419",166.846449478932
"1420",165.738569689199
"1421",168.283959163061
"1422",160.418406287804
"1423",161.236625992287
"1424",160.822829015552
"1425",156.937501876773
"1426",158.674160771957
"1427",156.592790539383
"1428",156.398868042731
"1429",159.707777073452
"1430",156.662135946933
"1431",158.270286807181
"1432",160.020424788418
"1433",162.988528437352
"1434",165.316371545141
"1435",167.185358589977
"1436",167.60597934772
"1437",167.632531272922
"1438",168.854035861853
"1439",170.802915220134
"1440",173.397052873568
"1441",177.392631390164
"1442",174.124927135428
"1443",174.265321731746
"1444",171.241146894224
"1445",167.235613228623
"1446",168.317010795261
"1447",168.797340979144
"1448",164.92229202426
"1449",161.69735488357
"1450",163.01028115786
"1451",158.418957967017
"1452",160.587789667032
"1453",156.337345495766
"1454",156.277678554844
"1455",157.669696459817
"1456",155.414250437069
"1457",151.429208049914
"1458",156.587861929414
"1459",153.612806344696
"1460",153.867462826132
"1461",157.637527004112
"1462",156.419606614037
"1463",156.153108145681
"1464",162.516915752925
"1465",162.316315382282
"1466",160.567813285204
"1467",164.604764183625
"1468",163.788540814977
"1469",162.154132579585
"1470",166.245269160678
"1471",165.962725190225
"1472",162.10577187145
"1473",165.2807153322
"1474",163.279610932762
"1475",166.947498082707
"1476",166.769350313675
"1477",162.187471351192
"1478",162.756241492753
"1479",162.75613985786
"1480",157.190023945965
"1481",156.013781430245
"1482",161.892052341375
"1483",155.023372543618
"1484",152.536276176402
"1485",156.03488399323
"1486",152.454243920731
"1487",149.558951027343
"1488",152.68166166383
"1489",150.877538773353
"1490",151.731216165588
"1491",153.034407970444
"1492",151.198730225552
"1493",147.921995738864
"1494",149.093484925589
"1495",147.625107386894
"1496",149.266172463419
"1497",146.379290908188
"1498",149.202325186534
"1499",146.205850415154
"1500",144.898701499677
"1501",143.550345710448
"1502",142.42384340908
"1503",145.962060352883
"1504",145.023358002551
"1505",142.440650686352
"1506",145.236670884316
"1507",143.898761353041
"1508",145.868805007814
"1509",146.241460425158
"1510",145.627209281959
"1511",147.413505376209
"1512",146.967498520602
"1513",148.070388279444
"1514",149.235677047343
"1515",149.448420144621
"1516",149.153116770385
"1517",154.294070621294
"1518",156.21305290593
"1519",161.329327326254
"1520",161.727049081117
"1521",163.808787545841
"1522",165.794106118884
"1523",167.861379491901
"1524",168.543042076991
"1525",171.924116543854
"1526",176.165182717112
"1527",175.569719475907
"1528",180.606049775109
"1529",177.836714431717
"1530",179.634031309866
"1531",179.370534771331
"1532",178.818191624036
"1533",176.489156728234
"1534",174.565242471316
"1535",173.355623068206
"1536",172.515825151909
"1537",171.428583987288
"1538",168.747295657371
"1539",165.356418750464
"1540",161.116865301068
"1541",162.362496350061
"1542",157.968350933411
"1543",160.437342348644
"1544",155.223588953347
"1545",155.61204784678
"1546",151.386013200214
"1547",155.8206928199
"1548",155.315091767759
"1549",154.467295026308
"1550",155.863282149091
"1551",155.90770794778
"1552",159.281456091576
"1553",156.296756163817
"1554",158.92709881431
"1555",162.459571948974
"1556",161.827951074218
"1557",164.749565978289
"1558",169.312271874683
"1559",171.679856107588
"1560",174.020020701663
"1561",170.520617415849
"1562",173.599009733734
"1563",171.865576584
"1564",168.006029389372
"1565",168.846357529517
"1566",170.763818775767
"1567",168.198887309253
"1568",162.910858457457
"1569",161.126764664516
"1570",162.026196090079
"1571",155.508516406399
"1572",154.867230027543
"1573",151.970557692445
"1574",150.038999556115
"1575",149.326727434691
"1576",148.109211678391
"1577",149.143511736574
"1578",148.750373868648
"1579",149.626065764601
"1580",154.142835668934
"1581",154.645226966649
"1582",160.459515382907
"1583",160.245943534055
"1584",161.23497177602
"1585",165.367351235756
"1586",167.62855940958
"1587",172.349640318617
"1588",173.705561696068
"1589",177.680925481442
"1590",178.383566850629
"1591",177.044798451706
"1592",177.722773680349
"1593",174.276694085415
"1594",177.047769757228
"1595",175.242040341058
"1596",171.44805219366
"1597",167.215691626543
"1598",165.353853189982
"1599",164.828408033219
"1600",160.040678567374
"1601",164.968893728601
"1602",160.733531887646
"1603",164.783537761502
"1604",160.865360645364
"1605",160.479011728852
"1606",167.077708280151
"1607",164.251675882407
"1608",164.789946529774
"1609",169.900407254589
"1610",167.266108667039
"1611",169.419224948021
"1612",168.757310200002
"1613",171.8887262333
"1614",172.029551797527
"1615",172.663399174565
"1616",175.70170349141
"1617",173.371317701267
"1618",172.394557203871
"1619",175.6614538418
"1620",175.479003435864
"1621",173.364989196854
"1622",177.14628983638
"1623",176.224465727147
"1624",176.086599340353
"1625",178.808590372
"1626",183.169966741191
"1627",182.750668491536
"1628",187.452509717088
"1629",184.368072986763
"1630",188.196457312025
"1631",189.767977482118
"1632",189.552635652987
"1633",189.150129745834
"1634",188.860940107311
"1635",190.669319281554
"1636",186.422593434749
"1637",189.530792784733
"1638",186.020979638008
"1639",184.040978319014
"1640",177.696612991683
"1641",174.886266214949
"1642",172.917790288731
"1643",170.768780073491
"1644",169.821479785155
"1645",166.565933469599
"1646",163.95325898418
"1647",163.316334131876
"1648",161.250029703757
"1649",167.437172664825
"1650",164.177565172862
"1651",164.740787395893
"1652",168.311902950305
"1653",168.998165357494
"1654",172.662627504695
"1655",167.471168697209
"1656",179.63485818726
"1657",184.330306156277
"1658",182.767003369677
"1659",187.568154267182
"1660",188.245241805921
"1661",191.009570706099
"1662",193.655028026476
"1663",189.855571141469
"1664",188.447187366583
"1665",190.302941286497
"1666",191.54256229168
"1667",190.400344797654
"1668",187.121740570849
"1669",188.364508074009
"1670",185.222485011005
"1671",184.600461930356
"1672",181.145773412017
"1673",180.75826022255
"1674",175.737929277039
"1675",176.742028725964
"1676",172.471761079563
"1677",174.358252059662
"1678",173.343202835964
"1679",170.637407511359
"1680",165.828338471315
"1681",172.881623476496
"1682",169.89200973285
"1683",170.102786599515
"1684",174.025481413003
"1685",174.420155663099
"1686",177.690223231507
"1687",180.291065357315
"1688",180.231020334428
"1689",179.709992090364
"1690",182.063977638517
"1691",184.544721982711
"1692",183.063611402031
"1693",188.925551340048
"1694",187.246004936373
"1695",185.262442528671
"1696",186.317656259449
"1697",190.175466697774
"1698",185.951427501102
"1699",188.166567529585
"1700",185.885954639564
"1701",180.34241858948
"1702",183.064586262088
"1703",183.393510464234
"1704",178.226254280416
"1705",180.015916118358
"1706",176.635000311146
"1707",170.538676200002
"1708",172.476055165738
"1709",175.763987114749
"1710",175.697006564736
"1711",170.254817030969
"1712",168.800375334337
"1713",170.141074958405
"1714",168.856148901794
"1715",171.731226546136
"1716",171.977512804833
"1717",171.253829959489
"1718",169.74066105654
"1719",172.695158609563
"1720",171.572929412053
"1721",173.986520081451
"1722",174.114731515283
"1723",173.873539217448
"1724",176.550697883453
"1725",176.541261100474
"1726",173.80414749896
"1727",179.623881686381
"1728",177.828557098185
"1729",183.648398214641
"1730",181.071571677971
"1731",177.630587202116
"1732",184.983900989419
"1733",182.816920240806
"1734",181.246583728396
"1735",181.648094999441
"1736",183.467259461363
"1737",185.045838474182
"1738",186.211977613329
"1739",186.323744717769
"1740",185.715714464403
"1741",183.811850841797
"1742",183.46176384696
"1743",182.063701440899
"1744",185.521875032329
"1745",184.519841410691
"1746",186.379761703569
"1747",182.219565339517
"1748",181.38614156744
"1749",178.379598565833
"1750",176.124414910397
"1751",174.917623460026
"1752",174.685432093361
"1753",176.105172897433
"1754",173.134289721972
"1755",170.684201172962
"1756",170.276340875862
"1757",170.609610229659
"1758",169.437062877126
"1759",162.497126976009
"1760",166.421414436369
"1761",167.881197364524
"1762",164.072820276115
"1763",166.85041763929
"1764",161.851138733273
"1765",164.751117860983
"1766",163.100827383614
"1767",160.185624473144
"1768",164.673292972585
"1769",161.140943718771
"1770",165.212866465338
"1771",163.408299368508
"1772",162.464622564321
"1773",163.487204926543
"1774",167.976369245167
"1775",160.286094599737
"1776",164.085074642356
"1777",164.257539849739
"1778",163.231434168447
"1779",161.334141699009
"1780",161.630143801302
"1781",157.574294943506
"1782",157.516924067248
"1783",160.452612158527
"1784",156.889048728436
"1785",155.459701763943
"1786",156.188678501136
"1787",157.53731208084
"1788",155.409667994562
"1789",153.796335704375
"1790",157.655365172866
"1791",158.23996712988
"1792",157.29273108386
"1793",156.36929201414
"1794",161.19339472328
"1795",160.985938363593
"1796",166.016822668748
"1797",164.509488370722
"1798",170.180015376593
"1799",174.69889745475
"1800",174.255169157068
"1801",180.101578295892
"1802",173.834450260379
"1803",177.823490596265
"1804",180.024224884901
"1805",186.369481681257
"1806",183.37382102389
"1807",183.566710598274
"1808",180.991228045776
"1809",182.866139414001
"1810",178.106967950105
"1811",175.934389109855
"1812",172.186060996743
"1813",171.093832162877
"1814",171.472665273976
"1815",171.405128317185
"1816",165.14750379616
"1817",167.184460899941
"1818",166.051556674489
"1819",164.649613293233
"1820",167.561301550686
"1821",170.14596973226
"1822",168.166332636251
"1823",170.63994129673
"1824",170.475988179015
"1825",173.675632508137
"1826",173.762232474351
"1827",173.073521223982
"1828",177.831451089608
"1829",181.023123947236
"1830",180.504169432669
"1831",179.447514512308
"1832",177.866211539303
"1833",172.725559988547
"1834",176.864116083506
"1835",171.470076634527
"1836",171.283200878001
"1837",170.314277609396
"1838",172.041228706383
"1839",167.241808121338
"1840",171.685327377705
"1841",166.586227180655
"1842",168.699582596622
"1843",173.457221079643
"1844",172.544868399511
"1845",176.188530391614
"1846",177.567327111586
"1847",179.261817837952
"1848",180.225216025619
"1849",187.455892978313
"1850",184.090756794615
"1851",186.582328952554
"1852",185.189326058252
"1853",188.7664470032
"1854",183.800840692345
"1855",179.575787204534
"1856",181.59502398066
"1857",175.664928860855
"1858",175.103581384995
"1859",174.270904223478
"1860",175.95329872005
"1861",171.223066633707
"1862",167.893977485145
"1863",169.937432301925
"1864",166.775487522775
"1865",167.727831720554
"1866",170.086600529691
"1867",171.439466096807
"1868",175.690763396554
"1869",177.279167581597
"1870",176.605092521225
"1871",180.383741432951
"1872",183.362732381805
"1873",183.249255623573
"1874",187.117361665754
"1875",182.636832245217
"1876",189.2304643881
"1877",191.520284996227
"1878",189.547854433268
"1879",186.603184763361
"1880",188.272801279853
"1881",180.327684130796
"1882",181.222101413803
"1883",177.011268369207
"1884",175.074798023098
"1885",176.806537660654
"1886",172.866485406925
"1887",171.743579108497
"1888",177.244649501854
"1889",172.796851008911
"1890",174.832972247162
"1891",177.676725375482
"1892",171.949841396514
"1893",179.377220567829
"1894",180.414465277341
"1895",182.693475455924
"1896",187.963636876747
"1897",185.949028416156
"1898",187.374621105439
"1899",187.363639880526
"1900",189.701469583532
"1901",187.452342063801
"1902",189.003117094204
"1903",186.69603716719
"1904",188.368931782112
"1905",187.75691961111
"1906",183.879842186935
"1907",184.097618627262
"1908",177.402431335392
"1909",177.709927865674
"1910",174.730634922673
"1911",173.952976891224
"1912",169.078451023388
"1913",170.159650532475
"1914",170.341792107409
"1915",165.119389983595
"1916",163.392953978273
"1917",161.507607656976
"1918",161.772942264729
"1919",165.080869868424
"1920",163.707932236638
"1921",165.923015891525
"1922",163.352015939516
"1923",163.531378963309
"1924",168.51746454541
"1925",168.134412690414
"1926",171.599396572421
"1927",172.875021381071
"1928",176.14808017307
"1929",172.132249966851
"1930",174.847250700533
"1931",178.771478900852
"1932",177.432773198756
"1933",179.42176157323
"1934",181.350698801432
"1935",179.216979748277
"1936",184.43789693644
"1937",186.328592855104
"1938",186.153936624375
"1939",184.219968377911
"1940",183.510037914345
"1941",181.739493042135
"1942",180.273690849588
"1943",179.47005771802
"1944",178.318653293015
"1945",175.953589221312
"1946",173.054319192244
"1947",170.131482412066
"1948",169.760960140899
"1949",164.564194762174
"1950",165.70169205704
"1951",165.039740026229
"1952",160.162457373365
"1953",161.30200394417
"1954",156.65480361959
"1955",160.328403668713
"1956",156.095266893417
"1957",159.237104112776
"1958",155.228582845808
"1959",154.671389837759
"1960",156.120888596517
"1961",156.513355157005
"1962",155.939051619251
"1963",161.728879413784
"1964",160.360234085466
"1965",159.587379794367
"1966",162.721589671554
"1967",160.396347540369
"1968",159.406238112621
"1969",161.579889540487
"1970",158.02051317381
"1971",163.265705100693
"1972",160.890942765273
"1973",161.641471644512
"1974",157.837106410929
"1975",158.157932303319
"1976",160.546838595847
"1977",163.163181963389
"1978",165.560319666476
"1979",160.035033791299
"1980",170.068938844876
"1981",170.194201153415
"1982",172.788084729526
"1983",173.661254212521
"1984",179.923960895253
"1985",176.952833184507
"1986",181.686995610251
"1987",178.867686851362
"1988",183.235890185733
"1989",185.055775532446
"1990",181.620032576693
"1991",179.61635874746
"1992",183.11502010201
"1993",177.877554975763
"1994",175.039933200005
"1995",173.054238001454
"1996",170.454489426281
"1997",171.763978397972
"1998",170.345448629042
"1999",166.896440338184
"2000",164.938184562942
"2001",162.229368528708
"2002",162.291349778735
"2003",163.313932231805
"2004",161.246112399716
"2005",163.456312512717
"2006",160.811219625386
"2007",163.657660917869
"2008",165.149252094635
"2009",163.034352570466
"2010",168.028127043496
"2011",167.079085920057
"2012",166.837368843833
"2013",170.233676814454
"2014",165.894855577511
"2015",168.612880430477
"2016",164.21078170738
"2017",162.553256165217
"2018",162.650476815586
"2019",160.556588007153
"2020",157.363103738115
"2021",154.68608897361
"2022",156.167878581461
"2023",155.127341589486
"2024",155.079155399186
"2025",152.185191293266
"2026",154.704404821821
"2027",153.371487869267
"2028",155.833966705096
"2029",156.366366887977
"2030",155.867173753418
"2031",162.542299566124
"2032",163.156241289963
"2033",168.342125086572
"2034",167.038738664391
"2035",168.640873824595
"2036",168.293735846244
"2037",172.239108080652
"2038",172.949500091363
"2039",175.964849742517
"2040",172.356708636541
"2041",176.957684588132
"2042",172.126802219037
"2043",172.004871311164
"2044",168.642323535669
"2045",167.072393854581
"2046",166.595859343507
"2047",166.011787441199
"2048",164.023117393799
"2049",163.501559533661
"2050",163.028267176387
"2051",165.927234889336
"2052",160.415195697686
"2053",158.312015405814
"2054",159.287369793383
"2055",157.545718860217
"2056",161.381596311093
"2057",158.632129330564
"2058",158.542237229019
"2059",157.694816048275
"2060",157.257415569741
"2061",158.157013860191
"2062",159.918839884788
"2063",161.5408865399
"2064",160.577717830521
"2065",168.662734556408
"2066",166.705514383475
"2067",167.003704396968
"2068",165.840157653243
"2069",169.932069201722
"2070",172.162412041802
"2071",177.238513067047
"2072",178.53980008678
"2073",177.74001506988
"2074",181.436746220095
"2075",178.771493532466
"2076",178.216868891437
"2077",181.085959953915
"2078",180.362517366774
"2079",177.994369550706
"2080",172.199552434706
"2081",172.441862430564
"2082",171.034652968108
"2083",162.380451883362
"2084",159.622178334249
"2085",155.896667930873
"2086",153.78781699857
"2087",150.66241445886
"2088",148.177406679161
"2089",138.009444117821
"2090",135.858748573705
"2091",137.979227148015
"2092",136.854014860714
"2093",127.617278121428
"2094",131.859733276898
"2095",133.605977454571
"2096",132.875450880912
"2097",136.174826450074
"2098",137.764845281043
"2099",140.553353469073
"2100",141.702287023586
"2101",142.590597844064
"2102",141.913608001262
"2103",143.394524688622
"2104",150.61799231928
"2105",146.602373823748
"2106",147.408420227359
"2107",153.158949773624
"2108",149.021104537371
"2109",148.577165289164
"2110",150.79088531943
"2111",152.540283588423
"2112",148.506615937242
"2113",152.13564666068
"2114",154.821798099678
"2115",148.018559591892
"2116",153.040792261103
"2117",156.042196344406
"2118",155.562999886342
"2119",161.887827428276
"2120",161.935999516345
"2121",165.61776855752
"2122",166.295226604316
"2123",172.867451068531
"2124",170.812970532681
"2125",171.397813343584
"2126",171.453921152216
"2127",174.56533283857
"2128",171.090031748361
"2129",173.115052886556
"2130",169.456278186315
"2131",170.386631350987
"2132",165.259918223857
"2133",163.663050852602
"2134",165.569458988318
"2135",164.378386916231
"2136",161.909804845203
"2137",159.917863120164
"2138",158.9234351101
"2139",158.982124137715
"2140",160.707041280422
"2141",155.680370386153
"2142",161.197498047603
"2143",164.429497118265
"2144",163.490815545387
"2145",165.543620571547
"2146",166.136760359037
"2147",168.244615738035
"2148",173.852953705115
"2149",173.221618854095
"2150",172.558233170599
"2151",176.141304361246
"2152",175.90480230812
"2153",176.202492548584
"2154",178.047021593251
"2155",174.096442126446
"2156",172.679910274106
"2157",173.302244647677
"2158",169.771878059965
"2159",171.23625448697
"2160",168.360194395301
"2161",164.843815266926
"2162",163.945084007953
"2163",162.153806346252
"2164",162.697075386842
"2165",160.123187990283
"2166",159.980547312992
"2167",150.287766744897
"2168",152.877511745032
"2169",154.451563722046
"2170",154.687169687036
"2171",152.822949157765
"2172",153.517393426547
"2173",152.288937449305
"2174",152.204628063366
"2175",151.825201387725
"2176",153.893765092844
"2177",150.595839389094
"2178",156.918311876602
"2179",154.169958634538
"2180",157.289429655447
"2181",157.799126746132
"2182",156.143391315612
"2183",157.971441817872
"2184",158.111338893333
"2185",165.65804527598
"2186",163.876818433598
"2187",163.771466405417
"2188",164.294684947912
"2189",164.927481911524
"2190",162.467443889497
"2191",164.670626057361
"2192",163.517294975193
"2193",164.314745962625
"2194",162.952716326512
"2195",157.959880915323
"2196",159.270080874956
"2197",158.788863408598
"2198",156.629633862372
"2199",150.86454486314
"2200",148.465904117207
"2201",147.009590021085
"2202",145.710392222753
"2203",144.447190703836
"2204",143.534191804573
"2205",144.901607734042
"2206",145.922570896318
"2207",143.936558327111
"2208",145.29971999248
"2209",146.937769835201
"2210",148.274695370246
"2211",153.485028816076
"2212",159.267016552339
"2213",157.388375640143
"2214",163.485576027465
"2215",162.168012112303
"2216",165.949116727125
"2217",168.763431613922
"2218",170.397176422634
"2219",172.594610063638
"2220",171.022472944909
"2221",171.874958166532
"2222",173.937254339866
"2223",174.06708892022
"2224",172.805937982755
"2225",174.317131696422
"2226",170.752567484234
"2227",170.482860809685
"2228",168.638285519094
"2229",165.866561851427
"2230",164.476126029134
"2231",159.052295383093
"2232",157.01632902535
"2233",158.977095474665
"2234",153.988707063955
"2235",155.553494314748
"2236",157.499888185951
"2237",155.469319354534
"2238",153.005674685659
"2239",151.250866163661
"2240",154.98704679699
"2241",154.21615193411
"2242",155.801126741331
"2243",157.106904196694
"2244",154.659300859672
"2245",153.672826247463
"2246",155.210121393934
"2247",157.63882790988
"2248",155.100738389395
"2249",156.192407503433
"2250",160.110640805278
"2251",156.741277501147
"2252",158.017877874581
"2253",156.453040397126
"2254",157.345358167095
"2255",159.283196873635
"2256",159.925331109749
"2257",157.56580092226
"2258",158.467355440338
"2259",162.821794327619
"2260",156.403299936896
"2261",159.641223340855
"2262",152.078809910597
"2263",150.118718259763
"2264",148.819004036721
"2265",146.243810934336
"2266",143.135993194952
"2267",140.677363706002
"2268",136.8920942521
"2269",136.491682882851
"2270",131.724747715463
"2271",129.462311145596
"2272",132.30331751333
"2273",133.788218111526
"2274",132.452945355801
"2275",130.085693386604
"2276",135.709937224859
"2277",138.085079800263
"2278",139.197358481787
"2279",143.96739895671
"2280",148.605486501346
"2281",149.951849377661
"2282",155.590580244668
"2283",153.81820744449
"2284",158.08938101175
"2285",157.594072081138
"2286",158.246453235083
"2287",162.360488990551
"2288",161.733499478566
"2289",157.736003805042
"2290",161.083300317532
"2291",155.259739486132
"2292",150.83069541852
"2293",148.555730358897
"2294",146.942570884778
"2295",143.050313442504
"2296",141.175442830934
"2297",139.817244212598
"2298",133.611536504313
"2299",132.891645325122
"2300",138.597582194808
"2301",135.4354814036
"2302",134.17119737291
"2303",134.999076238645
"2304",137.011456439112
"2305",139.43401526314
"2306",141.799925333017
"2307",151.191573229327
"2308",145.400895102501
"2309",152.424416923659
"2310",152.742462036201
"2311",155.227072253238
"2312",157.522720350201
"2313",156.508370876967
"2314",159.400477727008
"2315",164.935694351516
"2316",164.876794017245
"2317",164.340147106682
"2318",161.472493710946
"2319",162.245124432887
"2320",158.906390705774
"2321",162.373058286823
"2322",160.385319844215
"2323",158.336090040507
"2324",155.12281184976
"2325",156.651709586513
"2326",154.456237473534
"2327",151.490218695092
"2328",154.418104974067
"2329",151.544875684291
"2330",151.493211192015
"2331",151.509096502775
"2332",149.817122794406
"2333",148.57521419648
"2334",153.719292499822
"2335",152.646277215223
"2336",155.386169705916
"2337",157.81285989963
"2338",155.534717152272
"2339",160.603134009903
"2340",163.203828033737
"2341",163.081689292492
"2342",160.33995212874
"2343",160.618704246901
"2344",160.317212318177
"2345",160.631501262382
"2346",152.955937126939
"2347",153.722926671597
"2348",153.56991285679
"2349",149.460669592371
"2350",148.907574812922
"2351",142.347493878509
"2352",141.35628771354
"2353",140.786731399052
"2354",137.429522210239
"2355",141.784917507613
"2356",142.070096644613
"2357",147.429428794976
"2358",147.69216006757
"2359",154.815606247457
"2360",157.484290330599
"2361",156.490940282773
"2362",166.563083319794
"2363",167.756164319968
"2364",169.293142493788
"2365",170.67381694674
"2366",171.536900998903
"2367",168.6419916552
"2368",165.506643320751
"2369",159.768612495301
"2370",155.88864998206
"2371",152.165735916105
"2372",147.95029283078
"2373",142.011078997583
"2374",135.259413554912
"2375",135.15316015471
"2376",126.204785991052
"2377",122.860714965416
"2378",124.519723552324
"2379",124.097529332018
"2380",122.05136404713
"2381",122.782729029426
"2382",128.797388725127
"2383",132.899583643462
"2384",129.783882934614
"2385",132.142643985424
"2386",132.039121773257
"2387",130.220920775799
"2388",129.60168190056
"2389",121.562732082223
"2390",117.086405031656
"2391",112.060245781672
"2392",101.335360818635
"2393",91.7636684255179
"2394",74.7269415688879
"2395",62.2922100252246
"2396",53.368785893616
"2397",39.1129433178657
"2398",27.0271328609302
"2399",17.0051533103367
"2400",5.6553389261791
